,Date,Low,High,Close,Open
1258,2018-11-06,33.881,34.81,34.16,33.96
1257,2018-11-05,33.37,34.28,34.02,34.26
1256,2018-11-02,33.85,35.35,34.3,34.87
1255,2018-11-01,33.82,34.91,34.62,34.6
1254,2018-10-31,34.35,35.6373,34.75,34.37
1253,2018-10-30,31.3,34.55,33.86,31.77
1252,2018-10-29,31.62,33.75,32.39,32.46
1251,2018-10-26,30.94,33.1353,32.36,31.2
1250,2018-10-25,30.76,33.67,31.8,31.32
1249,2018-10-24,27.305,29.77,27.54,28.85
1248,2018-10-23,28.07,29.02,28.77,28.48
1247,2018-10-22,28.31,29.28,29.18,29.05
1246,2018-10-19,28.68,29.79,28.83,29.33
1245,2018-10-18,28.975,30.24,29.29,29.4
1244,2018-10-17,28.96,30.14,29.55,29.95
1243,2018-10-16,28.84,29.89,29.87,29.1
1242,2018-10-15,27.59,29.05,28.61,27.85
1241,2018-10-12,27.26,28.17,27.99,28.09
1240,2018-10-11,26.19,27.58,27.0,26.3505
1239,2018-10-10,26.7614,29.12,26.79,29.12
1238,2018-10-09,28.34,29.565,29.27,28.7
1237,2018-10-08,27.72,28.939,28.45,28.21
1236,2018-10-05,27.97,28.96,28.39,28.34
1235,2018-10-04,27.87,28.76,28.23,28.75
1234,2018-10-03,28.25,29.12,29.01,28.38
1233,2018-10-02,27.91,28.62,28.19,28.14
1232,2018-10-01,28.0,28.7,28.31,28.51
1231,2018-09-28,28.41,29.28,28.46,29.25
1230,2018-09-27,28.88,29.69,29.42,29.06
1229,2018-09-26,28.8,29.45,29.01,29.2
1228,2018-09-25,28.44,29.24,29.11,28.75
1227,2018-09-24,27.93,29.115,28.6,28.33
1226,2018-09-21,28.49,29.95,28.5,29.86
1225,2018-09-20,29.24,30.02,29.85,29.7
1224,2018-09-19,28.82,29.56,29.52,29.15
1223,2018-09-18,28.75,29.63,29.22,28.84
1222,2018-09-17,28.43,29.28,28.86,29.05
1221,2018-09-14,30.06,30.77,30.12,30.45
1220,2018-09-13,29.86,30.57,30.39,30.1
1219,2018-09-12,29.25,30.83,29.75,30.61
1218,2018-09-11,30.35,31.44,30.89,30.44
1217,2018-09-10,29.9531,30.6,30.54,30.5
1216,2018-09-07,29.82,31.39,30.49,30.31
1215,2018-09-06,30.62,32.95,30.81,32.86
1214,2018-09-05,32.51,34.7,32.73,34.65
1213,2018-09-04,34.48,35.125,34.84,34.75
1212,2018-08-31,34.59,35.7201,35.18,35.57
1211,2018-08-30,35.21,36.149,35.64,35.27
1210,2018-08-29,34.81,35.6,35.35,35.41
1209,2018-08-28,34.89,36.04,35.49,35.98
1208,2018-08-27,34.48,36.0,35.89,34.66
1207,2018-08-24,33.9279,34.49,34.28,34.0
1206,2018-08-23,33.72,34.74,33.88,33.9
1205,2018-08-22,33.35,34.17,33.81,33.45
1204,2018-08-21,32.6,34.14,33.69,32.75
1203,2018-08-20,32.2,32.94,32.6,32.79
1202,2018-08-17,32.34,33.09,32.73,32.74
1201,2018-08-16,32.415,33.15,32.83,32.7
1200,2018-08-15,31.951,33.23,32.38,32.81
1199,2018-08-14,32.515,33.43,33.19,33.4
1198,2018-08-13,32.02,33.62,32.8,32.04
1197,2018-08-10,31.47,32.25,32.01,31.65
1196,2018-08-09,31.61,32.38,31.96,31.85
1195,2018-08-08,31.81,32.78,31.84,32.75
1194,2018-08-07,32.55,33.61,32.67,33.1
1193,2018-08-06,31.45,33.04,32.98,31.82
1192,2018-08-03,31.8,32.99,31.96,32.58
1191,2018-08-02,31.34,32.87,32.82,31.58
1190,2018-08-01,31.46,32.59,31.91,32.25
1189,2018-07-31,31.07,32.48,31.87,31.95
1188,2018-07-30,31.07,34.26,31.38,34.17
1187,2018-07-27,33.9,37.47,34.12,37.25
1186,2018-07-26,42.14,43.41,42.94,42.87
1185,2018-07-25,42.35,44.39,44.22,42.35
1184,2018-07-24,41.59,43.8,42.17,43.77
1183,2018-07-23,42.4,43.85,43.31,43.45
1182,2018-07-20,43.23,44.13,43.42,43.5
1181,2018-07-19,43.11,43.87,43.44,43.27
1180,2018-07-18,42.74,44.75,43.34,44.19
1179,2018-07-17,43.15,45.26,44.71,43.59
1178,2018-07-16,43.91,44.73,44.26,44.3
1177,2018-07-13,43.93,45.32,44.49,45.28
1176,2018-07-12,44.36,45.34,45.26,44.8
1175,2018-07-11,42.22,44.1,43.87,42.63
1174,2018-07-10,43.63,45.26,43.75,44.2
1173,2018-07-09,42.08,46.9,44.14,46.74
1172,2018-07-06,44.61,46.75,46.65,44.91
1171,2018-07-05,43.55,45.11,45.06,44.07
1170,2018-07-03,43.8,45.48,43.89,45.36
1169,2018-07-02,42.75,45.0,44.98,43.06
1168,2018-06-29,43.56,45.2,43.67,45.05
1167,2018-06-28,42.49,44.84,44.79,43.65
1166,2018-06-27,43.68,46.22,43.7,45.5
1165,2018-06-26,43.51,45.32,44.84,44.36
1164,2018-06-25,43.325,45.52,44.17,45.47
1163,2018-06-22,44.5,46.01,45.88,45.58
1162,2018-06-21,44.2,46.87,45.24,46.36
1161,2018-06-20,45.4401,46.92,46.13,45.56
1160,2018-06-19,43.57,45.71,44.95,45.19
1159,2018-06-18,44.5,46.2564,46.0,45.335
1158,2018-06-15,45.64,47.79,45.8,46.62
1157,2018-06-14,44.5,46.8,46.76,44.55
1156,2018-06-13,43.4199,44.55,44.07,44.24
1155,2018-06-12,42.41,44.33,43.49,42.47
1154,2018-06-11,40.66,41.69,41.42,41.42
1153,2018-06-08,39.42,41.26,41.21,39.49
1152,2018-06-07,38.64,40.16,39.7,40.14
1151,2018-06-06,39.21,40.23,40.1,39.42
1150,2018-06-05,39.19,40.16,39.8,39.53
1149,2018-06-04,35.95,37.98,37.88,36.45
1148,2018-06-01,35.09,36.69,36.65,35.14
1147,2018-05-31,34.25,34.97,34.7,34.39
1146,2018-05-30,34.08,34.655,34.36,34.2
1145,2018-05-29,33.35,34.83,34.04,33.42
1144,2018-05-25,33.31,33.99,33.63,33.54
1143,2018-05-24,33.12,33.755,33.52,33.44
1142,2018-05-23,32.6,33.43,33.42,32.7
1141,2018-05-22,32.83,33.81,32.86,33.78
1140,2018-05-21,32.9,34.025,33.63,33.02
1139,2018-05-18,32.2108,32.97,32.63,32.55
1138,2018-05-17,32.281,33.015,32.58,32.78
1137,2018-05-16,32.67,33.2166,32.77,32.75
1136,2018-05-15,32.36,33.17,32.75,33.17
1135,2018-05-14,32.93,33.58,33.39,33.07
1134,2018-05-11,32.2501,33.1,32.75,32.94
1133,2018-05-10,32.58,33.78,32.87,32.71
1132,2018-05-09,31.94,32.79,32.46,32.07
1131,2018-05-08,31.03,32.0899,31.85,31.2
1130,2018-05-07,30.88,31.84,31.33,31.06
1129,2018-05-04,29.85,31.36,31.04,30.22
1128,2018-05-03,29.97,31.02,30.67,30.21
1127,2018-05-02,29.95,31.2199,30.55,30.0
1126,2018-05-01,29.6,31.06,30.3,30.21
1125,2018-04-30,28.43,30.7457,30.31,28.62
1124,2018-04-27,28.59,30.32,29.0,30.17
1123,2018-04-26,30.12,31.42,30.27,30.35
1122,2018-04-25,28.14,32.0,29.75,31.35
1121,2018-04-24,29.63,31.64,30.47,31.18
1120,2018-04-23,30.85,32.62,31.22,32.51
1119,2018-04-20,31.65,33.12,31.91,32.65
1118,2018-04-19,30.96,32.28,31.54,31.37
1117,2018-04-18,31.07,32.0599,31.54,31.67
1116,2018-04-17,29.43,32.0568,31.84,29.45
1115,2018-04-16,28.36,28.95,28.58,28.85
1114,2018-04-13,28.43,29.46,28.76,29.24
1113,2018-04-12,28.78,29.9,29.0,29.89
1112,2018-04-11,28.73,29.83,29.39,29.46
1111,2018-04-10,28.28,30.3,29.53,28.36
1110,2018-04-09,28.0,28.79,28.01,28.1
1109,2018-04-06,27.97,29.0595,28.1,28.28
1108,2018-04-05,28.1,29.33,28.64,28.51
1107,2018-04-04,26.6,28.34,28.25,26.85
1106,2018-04-03,27.22,28.87,27.54,28.36
1105,2018-04-02,27.75,28.77,28.04,28.37
1104,2018-03-29,27.9,29.33,29.01,28.76
1103,2018-03-28,27.39,29.11,28.45,27.78
1102,2018-03-27,27.88,31.9,28.07,31.85
1101,2018-03-26,30.7,32.47,31.91,31.69
1100,2018-03-23,30.7907,32.0,31.03,31.26
1099,2018-03-22,31.175,32.13,31.2,31.77
1098,2018-03-21,32.05,33.15,32.73,32.19
1097,2018-03-20,30.61,34.95,31.35,34.92
1096,2018-03-19,34.41,35.74,34.98,35.13
1095,2018-03-16,35.52,36.2,35.58,36.0
1094,2018-03-15,35.4,36.48,35.8,36.41
1093,2018-03-14,34.09,36.8,36.6,34.3
1092,2018-03-13,33.9,35.53,34.11,35.4
1091,2018-03-12,34.83,35.73,35.5,35.53
1090,2018-03-09,34.9367,35.5,35.35,35.2
1089,2018-03-08,34.68,35.84,34.85,35.42
1088,2018-03-07,33.99,35.82,35.76,33.99
1087,2018-03-06,33.86,34.95,34.43,34.58
1086,2018-03-05,32.58,34.95,34.58,32.9
1085,2018-03-02,31.49,33.03,33.0,31.93
1084,2018-03-01,31.26,32.56,32.24,31.95
1083,2018-02-28,31.47,32.85,31.86,31.5
1082,2018-02-27,31.26,32.21,31.32,31.91
1081,2018-02-26,31.96,32.7,32.16,32.7
1080,2018-02-23,31.97,32.69,32.66,32.2
1079,2018-02-22,31.63,33.45,32.11,33.43
1078,2018-02-21,32.6472,34.055,33.38,33.03
1077,2018-02-20,32.68,33.57,32.84,32.88
1076,2018-02-16,32.68,33.5,33.06,33.37
1075,2018-02-15,33.0599,34.38,33.61,34.03
1074,2018-02-14,32.55,33.98,33.75,32.85
1073,2018-02-13,30.64,33.65,33.44,30.67
1072,2018-02-12,30.8631,31.9,30.95,31.44
1071,2018-02-09,29.68,31.805,31.51,30.37
1070,2018-02-08,29.71,35.0,30.18,34.15
1069,2018-02-07,25.76,27.08,26.91,25.83
1068,2018-02-06,24.2,25.58,25.24,24.59
1067,2018-02-05,24.1,26.64,25.13,25.37
1066,2018-02-02,25.7,27.0301,25.92,26.56
1065,2018-02-01,25.44,27.33,27.14,25.52
1064,2018-01-31,25.14,26.65,25.81,25.61
1063,2018-01-30,24.55,26.4,25.62,24.83
1062,2018-01-29,24.1,25.55,25.18,24.4
1061,2018-01-26,22.3,24.35,24.27,22.39
1060,2018-01-25,22.04,22.68,22.16,22.5
1059,2018-01-24,22.1,23.05,22.37,22.84
1058,2018-01-23,22.41,23.1691,22.75,22.51
1057,2018-01-22,22.86,23.5,23.32,23.17
1056,2018-01-19,23.5,24.22,23.66,24.12
1055,2018-01-18,23.72,24.52,24.04,24.5
1054,2018-01-17,24.22,24.95,24.56,24.84
1053,2018-01-16,24.51,25.7089,24.66,25.58
1052,2018-01-12,24.93,25.85,25.41,24.94
1051,2018-01-11,23.9,24.37,24.35,24.3
1050,2018-01-10,23.76,24.42,24.25,24.0
1049,2018-01-09,24.07,24.71,24.17,24.63
1048,2018-01-08,23.88,24.78,24.59,24.37
1047,2018-01-05,23.88,24.57,24.32,24.07
1046,2018-01-04,23.685,24.59,23.99,24.5
1045,2018-01-03,24.07,24.68,24.45,24.56
1044,2018-01-02,23.85,24.57,24.51,24.07
1043,2017-12-29,23.91,24.33,24.01,24.27
1042,2017-12-28,24.17,24.6,24.31,24.25
1041,2017-12-27,24.07,24.54,24.23,24.26
1040,2017-12-26,24.13,24.57,24.26,24.26
1039,2017-12-22,24.38,25.27,24.46,24.98
1038,2017-12-21,24.7,25.56,25.05,25.055
1037,2017-12-20,24.69,25.44,25.2,25.26
1036,2017-12-19,23.92,25.49,25.08,24.59
1035,2017-12-18,23.13,24.74,24.68,23.24
1034,2017-12-15,22.185,22.86,22.23,22.61
1033,2017-12-14,21.62,23.24,22.58,21.74
1032,2017-12-13,21.52,21.98,21.66,21.77
1031,2017-12-12,21.625,22.25,21.65,22.01
1030,2017-12-11,21.1,22.2,22.05,21.1
1029,2017-12-08,20.95,21.4,21.1,21.15
1028,2017-12-07,20.97,21.45,21.01,21.12
1027,2017-12-06,20.4,21.4,21.09,20.52
1026,2017-12-05,20.3,20.93,20.77,20.3
1025,2017-12-04,20.225,20.94,20.4,20.85
1024,2017-12-01,20.12,20.98,20.71,20.52
1023,2017-11-30,20.51,21.12,20.58,21.01
1022,2017-11-29,20.52,22.11,20.79,21.82
1021,2017-11-28,21.56,22.15,21.83,21.85
1020,2017-11-27,21.7,22.4,21.82,22.36
1019,2017-11-24,22.17,22.48,22.42,22.4
1018,2017-11-22,21.8,22.4,22.27,21.9
1017,2017-11-21,21.15,21.91,21.88,21.2
1016,2017-11-20,20.7,21.26,21.13,20.78
1015,2017-11-17,20.25,20.79,20.76,20.26
1014,2017-11-16,19.99,20.49,20.36,20.06
1013,2017-11-15,19.73,20.33,19.91,19.82
1012,2017-11-14,19.88,20.45,20.05,20.17
1011,2017-11-13,19.93,20.31,20.17,20.16
1010,2017-11-10,19.74,20.58,20.32,19.79
1009,2017-11-09,19.36,20.24,19.9,19.4
1008,2017-11-08,19.37,19.98,19.59,19.7
1007,2017-11-07,19.51,20.18,19.66,19.55
1006,2017-11-06,19.26,19.85,19.39,19.78
1005,2017-11-03,19.52,20.24,19.9,19.87
1004,2017-11-02,19.64,20.63,19.71,20.5
1003,2017-11-01,20.4,20.99,20.61,20.74
1002,2017-10-31,20.46,21.56,20.62,21.26
1001,2017-10-30,21.06,21.78,21.25,21.4
1000,2017-10-27,20.15,21.96,21.68,20.18
999,2017-10-26,18.9,20.63,20.31,19.22
998,2017-10-25,17.03,17.41,17.14,17.2
997,2017-10-24,17.23,17.6,17.25,17.5
996,2017-10-23,17.34,17.95,17.37,17.94
995,2017-10-20,17.83,18.06,17.87,17.98
994,2017-10-19,17.65,17.95,17.89,17.84
993,2017-10-18,17.97,18.35,18.02,18.23
992,2017-10-17,18.11,18.47,18.28,18.31
991,2017-10-16,18.23,18.61,18.33,18.59
990,2017-10-13,18.35,18.79,18.63,18.45
989,2017-10-12,17.73,18.66,18.45,17.77
988,2017-10-11,17.43,17.78,17.73,17.47
987,2017-10-10,17.39,17.93,17.41,17.77
986,2017-10-09,17.65,18.05,17.67,17.82
985,2017-10-06,17.66,18.13,17.85,18.03
984,2017-10-05,17.74,18.29,18.25,17.8
983,2017-10-04,17.5,17.82,17.75,17.82
982,2017-10-03,17.12,17.63,17.59,17.13
981,2017-10-02,16.78,17.15,17.09,16.8
980,2017-09-29,16.75,17.04,16.87,16.89
979,2017-09-28,16.75,16.93,16.85,16.87
978,2017-09-27,16.76,17.05,16.95,16.9
977,2017-09-26,16.57,17.16,16.59,17.03
976,2017-09-25,16.82,17.72,16.98,17.6
975,2017-09-22,17.42,17.63,17.61,17.49
974,2017-09-21,17.35,17.65,17.58,17.6
973,2017-09-20,17.51,17.84,17.62,17.8
972,2017-09-19,17.48,17.8,17.76,17.66
971,2017-09-18,17.47,18.09,17.6,18.01
970,2017-09-15,17.95,18.4,18.01,18.25
969,2017-09-14,17.94,18.27,18.21,18.15
968,2017-09-13,18.09,18.49,18.2,18.15
967,2017-09-12,17.7,18.29,18.17,17.7
966,2017-09-11,17.27,17.78,17.66,17.47
965,2017-09-08,17.08,17.46,17.45,17.19
964,2017-09-07,16.83,17.41,17.22,16.85
963,2017-09-06,16.52,17.05,16.83,16.65
962,2017-09-05,16.44,16.9,16.65,16.82
961,2017-09-01,16.58,17.0,16.86,16.97
960,2017-08-31,16.88,17.1,16.91,16.99
959,2017-08-30,16.8,17.04,16.93,16.92
958,2017-08-29,16.6,17.06,16.93,16.61
957,2017-08-28,16.61,16.88,16.77,16.61
956,2017-08-25,16.51,16.82,16.65,16.65
955,2017-08-24,16.78,17.07,16.89,17.07
954,2017-08-23,16.44,17.05,16.96,16.46
953,2017-08-22,16.14,16.65,16.63,16.14
952,2017-08-21,15.93,16.25,16.11,16.0
951,2017-08-18,15.77,16.07,15.99,15.85
950,2017-08-17,15.86,16.29,15.87,16.15
949,2017-08-16,15.96,16.36,16.16,15.97
948,2017-08-15,15.93,16.22,15.95,16.12
947,2017-08-14,16.01,16.28,16.09,16.15
946,2017-08-11,15.67,16.06,15.92,15.67
945,2017-08-10,15.73,16.18,15.75,16.03
944,2017-08-09,15.96,16.16,16.14,16.04
943,2017-08-08,16.05,16.48,16.15,16.33
942,2017-08-07,16.24,16.42,16.4,16.38
941,2017-08-04,16.13,16.43,16.29,16.2
940,2017-08-03,16.05,16.42,16.18,16.07
939,2017-08-02,15.95,16.29,16.07,16.21
938,2017-08-01,15.91,16.32,16.21,16.2
937,2017-07-31,16.0,16.62,16.09,16.6
936,2017-07-28,16.52,17.2,16.75,16.66
935,2017-07-27,16.5,17.6,16.84,17.36
934,2017-07-26,19.27,20.02,19.61,20.0
933,2017-07-25,19.69,20.18,19.97,19.98
932,2017-07-24,19.82,20.62,20.0,20.28
931,2017-07-21,20.0,20.36,20.11,20.35
930,2017-07-20,20.18,20.88,20.53,20.18
929,2017-07-19,19.83,20.21,20.12,20.03
928,2017-07-18,19.41,19.99,19.98,19.76
927,2017-07-17,19.73,20.24,19.94,19.8
926,2017-07-14,19.33,19.97,19.64,19.35
925,2017-07-13,19.08,19.67,19.32,19.54
924,2017-07-12,18.91,19.54,19.25,18.92
923,2017-07-11,18.1,18.66,18.64,18.14
922,2017-07-10,17.77,18.15,18.08,18.05
921,2017-07-07,17.97,18.34,18.02,18.0
920,2017-07-06,17.63,18.58,17.92,17.65
919,2017-07-05,17.42,17.96,17.82,17.68
918,2017-07-03,17.41,18.01,17.65,17.94
917,2017-06-30,17.47,18.08,17.87,17.66
916,2017-06-29,17.23,17.94,17.65,17.93
915,2017-06-28,17.75,18.24,17.95,18.22
914,2017-06-27,18.12,18.6,18.12,18.43
913,2017-06-26,18.11,19.01,18.29,18.55
912,2017-06-23,18.15,18.63,18.5,18.15
911,2017-06-22,17.66,18.38,18.15,17.85
910,2017-06-21,17.11,18.04,17.78,17.11
909,2017-06-20,16.84,17.15,16.91,17.15
908,2017-06-19,16.75,17.08,17.06,16.77
907,2017-06-16,16.55,16.81,16.67,16.75
906,2017-06-15,16.46,16.89,16.83,16.53
905,2017-06-14,16.57,17.13,16.76,17.05
904,2017-06-13,16.76,17.22,16.97,17.12
903,2017-06-12,16.27,17.04,17.04,16.73
902,2017-06-09,16.45,17.66,16.9,17.65
901,2017-06-08,17.27,17.61,17.59,17.44
900,2017-06-07,17.3,17.75,17.44,17.62
899,2017-06-06,17.47,18.15,17.57,18.1
898,2017-06-05,18.02,18.34,18.23,18.29
897,2017-06-02,18.22,18.58,18.31,18.53
896,2017-06-01,18.2,18.66,18.53,18.22
895,2017-05-31,18.08,18.6,18.32,18.48
894,2017-05-30,18.18,18.72,18.43,18.21
893,2017-05-26,17.95,18.3,18.23,17.99
892,2017-05-25,17.94,18.27,17.95,18.04
891,2017-05-24,17.83,18.34,17.98,18.1
890,2017-05-23,17.98,18.51,18.15,18.41
889,2017-05-22,18.27,18.52,18.43,18.35
888,2017-05-19,18.27,18.9,18.35,18.68
887,2017-05-18,17.97,18.61,18.51,18.17
886,2017-05-17,18.22,19.25,18.28,18.99
885,2017-05-16,19.09,19.79,19.49,19.38
884,2017-05-15,18.63,19.32,19.23,18.69
883,2017-05-12,18.34,19.05,18.61,18.45
882,2017-05-11,18.31,18.75,18.39,18.63
881,2017-05-10,18.25,18.56,18.54,18.37
880,2017-05-09,18.2,18.49,18.37,18.31
879,2017-05-08,18.16,18.68,18.31,18.68
878,2017-05-05,18.37,18.73,18.69,18.45
877,2017-05-04,18.36,18.89,18.48,18.6
876,2017-05-03,18.15,18.6,18.57,18.37
875,2017-05-02,17.35,18.53,18.24,17.57
874,2017-05-01,16.97,17.65,17.54,17.14
873,2017-04-28,16.43,16.79,16.48,16.5
872,2017-04-27,15.8,16.63,16.61,15.8
871,2017-04-26,15.76,16.48,15.82,15.9
870,2017-04-25,14.63,14.96,14.66,14.71
869,2017-04-24,14.56,14.82,14.71,14.7
868,2017-04-21,14.41,14.75,14.63,14.65
867,2017-04-20,14.51,14.75,14.65,14.58
866,2017-04-19,14.44,14.79,14.54,14.44
865,2017-04-18,14.27,14.56,14.44,14.37
864,2017-04-17,14.12,14.55,14.4,14.3
863,2017-04-13,14.22,14.5,14.3,14.49
862,2017-04-12,14.26,14.78,14.42,14.34
861,2017-04-11,14.2,14.4,14.31,14.3
860,2017-04-10,14.2,14.46,14.36,14.3
859,2017-04-07,14.25,14.43,14.29,14.36
858,2017-04-06,14.3,14.62,14.39,14.53
857,2017-04-05,14.41,14.82,14.53,14.61
856,2017-04-04,14.58,14.76,14.69,14.75
855,2017-04-03,14.65,14.98,14.84,14.97
854,2017-03-31,14.91,15.06,14.95,14.93
853,2017-03-30,14.9,15.08,14.92,15.05
852,2017-03-29,14.7,15.06,15.04,14.86
851,2017-03-28,14.8,15.17,14.94,15.0
850,2017-03-27,14.75,15.06,14.99,15.02
849,2017-03-24,15.03,15.37,15.14,15.06
848,2017-03-23,14.73,15.05,14.93,14.99
847,2017-03-22,14.32,14.99,14.98,14.5
846,2017-03-21,14.5,15.1,14.54,15.08
845,2017-03-20,14.82,15.11,15.09,15.11
844,2017-03-17,15.03,15.23,15.08,15.2
843,2017-03-16,15.04,15.28,15.19,15.08
842,2017-03-15,14.85,15.3,15.03,15.25
841,2017-03-14,15.15,15.58,15.32,15.2
840,2017-03-13,15.1,15.27,15.21,15.1
839,2017-03-10,14.94,15.27,15.12,15.23
838,2017-03-09,15.03,15.39,15.22,15.24
837,2017-03-08,15.08,15.36,15.24,15.19
836,2017-03-07,15.16,15.73,15.18,15.52
835,2017-03-06,15.5,15.78,15.56,15.75
834,2017-03-03,15.68,16.1,15.75,15.84
833,2017-03-02,15.72,16.0,15.79,15.77
832,2017-03-01,15.59,15.9,15.79,15.87
831,2017-02-28,15.74,16.04,15.77,16.0
830,2017-02-27,15.72,16.13,16.06,15.93
829,2017-02-24,15.85,15.99,15.98,15.95
828,2017-02-23,15.9,16.27,16.03,16.12
827,2017-02-22,16.01,16.51,16.08,16.4
826,2017-02-21,16.3,16.69,16.42,16.64
825,2017-02-17,16.36,16.63,16.62,16.36
824,2017-02-16,16.32,16.79,16.35,16.69
823,2017-02-15,16.3,16.89,16.74,16.85
822,2017-02-14,15.85,16.6,16.52,15.92
821,2017-02-13,15.51,15.99,15.81,15.63
820,2017-02-10,15.5,16.0,15.58,15.96
819,2017-02-09,16.26,18.72,16.41,18.72
818,2017-02-08,18.05,18.77,18.72,18.77
817,2017-02-07,17.99,18.67,18.26,18.0
816,2017-02-06,17.41,17.97,17.93,17.7
815,2017-02-03,17.44,17.85,17.61,17.72
814,2017-02-02,17.12,17.86,17.78,17.33
813,2017-02-01,17.1,17.92,17.24,17.84
812,2017-01-31,16.91,17.74,17.62,16.95
811,2017-01-30,16.41,17.1,16.94,16.57
810,2017-01-27,16.53,16.97,16.57,16.91
809,2017-01-26,16.79,17.07,16.81,16.86
808,2017-01-25,16.59,16.79,16.73,16.7
807,2017-01-24,16.33,16.6579,16.52,16.61
806,2017-01-23,16.46,16.81,16.61,16.57
805,2017-01-20,16.46,16.9,16.58,16.82
804,2017-01-19,16.75,17.15,16.79,17.09
803,2017-01-18,16.83,17.14,17.11,17.01
802,2017-01-17,16.86,17.09,16.96,17.07
801,2017-01-13,17.23,17.66,17.25,17.38
800,2017-01-12,16.96,17.39,17.38,17.13
799,2017-01-11,17.17,17.6,17.3,17.46
798,2017-01-10,17.32,17.78,17.37,17.51
797,2017-01-09,17.19,17.555,17.5,17.22
796,2017-01-06,17.11,17.43,17.17,17.24
795,2017-01-05,16.8,17.27,17.09,16.91
794,2017-01-04,16.5,16.94,16.86,16.5
793,2017-01-03,16.21,16.45,16.44,16.31
792,2016-12-30,16.22,16.5701,16.3,16.31
791,2016-12-29,16.3,16.65,16.39,16.39
790,2016-12-28,16.2914,16.7332,16.39,16.63
789,2016-12-27,16.42,16.87,16.61,16.52
788,2016-12-23,16.16,16.6734,16.5,16.34
787,2016-12-22,16.27,16.89,16.41,16.82
786,2016-12-21,17.01,17.55,17.08,17.52
785,2016-12-20,17.87,18.3218,17.92,18.23
784,2016-12-19,18.22,18.7,18.24,18.6
783,2016-12-16,18.53,18.89,18.63,18.76
782,2016-12-15,18.71,19.15,18.79,18.94
781,2016-12-14,18.89,19.62,18.93,19.4
780,2016-12-13,18.94,19.59,19.37,18.97
779,2016-12-12,18.9,19.7,18.93,19.48
778,2016-12-09,19.3832,19.84,19.65,19.56
777,2016-12-08,19.08,19.71,19.64,19.5
776,2016-12-07,18.2,19.55,19.48,18.26
775,2016-12-06,18.1307,18.5,18.23,18.31
774,2016-12-05,17.87,18.36,18.23,17.96
773,2016-12-02,17.86,18.16,17.93,18.0
772,2016-12-01,17.735,18.83,18.03,18.82
771,2016-11-30,18.18,18.8,18.49,18.2
770,2016-11-29,18.13,18.6801,18.19,18.22
769,2016-11-28,17.85,18.3,18.3,18.0
768,2016-11-25,18.03,18.31,18.06,18.27
767,2016-11-23,18.08,18.59,18.22,18.45
766,2016-11-22,18.51,18.87,18.63,18.66
765,2016-11-21,18.59,18.91,18.6,18.72
764,2016-11-18,18.64,18.91,18.73,18.73
763,2016-11-17,18.53,18.9601,18.55,18.7
762,2016-11-16,18.59,19.151,18.63,18.98
761,2016-11-15,18.91,19.51,18.98,19.15
760,2016-11-14,18.5,19.2,19.14,18.75
759,2016-11-11,18.07,18.729,18.55,18.35
758,2016-11-10,18.03,19.3,18.37,19.04
757,2016-11-09,17.91,19.235,19.13,17.96
756,2016-11-08,17.77,18.56,18.38,18.22
755,2016-11-07,18.11,18.69,18.41,18.11
754,2016-11-04,17.5,18.34,18.02,17.52
753,2016-11-03,17.26,17.8599,17.58,17.55
752,2016-11-02,17.38,17.95,17.61,17.43
751,2016-11-01,17.261,18.0,17.49,17.84
750,2016-10-31,17.64,18.04,17.95,17.65
749,2016-10-28,17.5,18.0,17.66,17.7
748,2016-10-27,17.07,18.12,17.4,18.0
747,2016-10-26,17.17,17.66,17.29,17.58
746,2016-10-25,17.15,17.84,17.26,17.82
745,2016-10-24,17.49,18.37,18.03,17.6
744,2016-10-21,16.74,18.35,18.09,16.95
743,2016-10-20,16.82,17.07,16.9,17.04
742,2016-10-19,16.88,17.26,17.07,16.94
741,2016-10-18,16.79,17.13,16.83,16.86
740,2016-10-17,16.43,16.9793,16.73,16.76
739,2016-10-14,16.28,18.05,16.88,17.88
738,2016-10-13,17.67,17.99,17.79,17.86
737,2016-10-12,17.81,18.19,18.05,18.19
736,2016-10-11,17.65,18.2,18.0,18.18
735,2016-10-10,16.93,18.24,17.56,17.49
734,2016-10-07,19.645,20.53,19.85,19.95
733,2016-10-06,19.6,21.0,19.87,20.46
732,2016-10-05,24.13,25.25,24.87,24.32
731,2016-10-04,23.34,23.79,23.52,23.75
730,2016-10-03,23.455,24.25,24.0,23.78
729,2016-09-30,22.82,23.25,23.05,23.02
728,2016-09-29,22.86,23.36,23.01,22.92
727,2016-09-28,22.44,23.63,22.96,23.42
726,2016-09-27,22.9,23.98,23.72,23.21
725,2016-09-26,21.65,23.57,23.37,21.79
724,2016-09-23,21.11,22.89,22.62,21.5
723,2016-09-22,18.44,18.92,18.63,18.52
722,2016-09-21,18.13,18.5,18.49,18.44
721,2016-09-20,18.23,18.64,18.39,18.3
720,2016-09-19,18.28,19.24,18.36,19.22
719,2016-09-16,18.74,19.25,19.11,18.9
718,2016-09-15,18.06,18.42,18.3,18.3
717,2016-09-14,17.9,18.39,18.08,17.93
716,2016-09-13,17.52,18.1,17.76,17.99
715,2016-09-12,17.68,18.24,18.15,17.96
714,2016-09-09,17.92,18.82,18.11,18.4
713,2016-09-08,18.59,19.31,18.7,18.81
712,2016-09-07,19.795,20.65,19.87,20.05
711,2016-09-06,19.4775,20.14,19.93,19.74
710,2016-09-02,19.35,19.87,19.55,19.62
709,2016-09-01,19.27,20.14,19.5,19.37
708,2016-08-31,18.38,19.6,19.21,18.39
707,2016-08-30,18.32,18.69,18.38,18.59
706,2016-08-29,18.3,18.55,18.47,18.39
705,2016-08-26,18.1,18.53,18.3,18.4
704,2016-08-25,18.23,18.65,18.32,18.33
703,2016-08-24,18.2,18.97,18.25,18.8
702,2016-08-23,18.65,18.93,18.69,18.65
701,2016-08-22,18.52,18.96,18.55,18.95
700,2016-08-19,18.76,19.31,18.98,18.96
699,2016-08-18,18.92,19.6,19.0,19.56
698,2016-08-17,19.9,20.44,20.17,20.43
697,2016-08-16,20.29,20.79,20.4,20.78
696,2016-08-15,19.83,21.1,20.86,19.85
695,2016-08-12,19.01,19.71,19.54,19.71
694,2016-08-11,19.1138,19.83,19.78,19.17
693,2016-08-10,18.56,19.57,19.04,18.67
692,2016-08-09,17.971,18.79,18.68,18.17
691,2016-08-08,17.935,18.48,18.2,18.25
690,2016-08-05,18.14,18.58,18.26,18.19
689,2016-08-04,17.36,18.31,18.13,17.57
688,2016-08-03,16.33,17.88,17.61,16.34
687,2016-08-02,16.2,16.7,16.42,16.61
686,2016-08-01,16.4,16.85,16.64,16.65
685,2016-07-29,16.24,16.74,16.64,16.39
684,2016-07-28,15.88,16.34,16.31,15.89
683,2016-07-27,15.69,16.59,15.77,16.34
682,2016-07-26,18.164,18.65,18.45,18.52
681,2016-07-25,18.17,18.7,18.65,18.43
680,2016-07-22,17.76,18.3893,18.37,18.12
679,2016-07-21,18.35,18.8,18.39,18.57
678,2016-07-20,18.45,18.76,18.56,18.52
677,2016-07-19,18.27,18.895,18.33,18.51
676,2016-07-18,18.05,18.75,18.65,18.29
675,2016-07-15,17.81,18.18,18.08,17.98
674,2016-07-14,17.911,18.28,17.96,18.02
673,2016-07-13,17.5,18.32,17.74,18.21
672,2016-07-12,17.92,18.38,18.1,17.98
671,2016-07-11,17.52,17.88,17.71,17.59
670,2016-07-08,17.47,18.1649,18.08,17.53
669,2016-07-07,17.24,17.675,17.37,17.24
668,2016-07-06,16.81,17.34,17.2,17.02
667,2016-07-05,16.76,17.28,17.14,17.25
666,2016-07-01,16.9,17.5,17.28,16.93
665,2016-06-30,16.73,17.0,16.91,16.8
664,2016-06-29,16.43,17.01,16.83,16.6
663,2016-06-28,16.16,16.64,16.42,16.24
662,2016-06-27,15.46,16.4,15.84,16.29
661,2016-06-24,16.2,16.9,16.44,16.24
660,2016-06-23,16.28,17.07,17.04,16.3
659,2016-06-22,16.045,16.32,16.13,16.27
658,2016-06-21,16.17,16.56,16.32,16.48
657,2016-06-20,16.15,16.64,16.34,16.34
656,2016-06-17,15.96,16.3689,16.1,16.16
655,2016-06-16,15.4,15.95,15.87,15.9
654,2016-06-15,15.71,16.44,15.96,15.71
653,2016-06-14,14.8,15.42,15.36,14.82
652,2016-06-13,14.505,15.3,14.55,14.63
651,2016-06-10,14.0,14.45,14.02,14.45
650,2016-06-09,14.59,14.8595,14.6,14.84
649,2016-06-08,14.81,15.12,14.95,15.07
648,2016-06-07,14.91,15.37,15.0,15.36
647,2016-06-06,15.18,15.45,15.27,15.22
646,2016-06-03,14.96,15.3489,15.2,15.11
645,2016-06-02,14.8463,15.26,15.2,15.04
644,2016-06-01,14.62,15.17,15.02,15.1
643,2016-05-31,15.08,15.49,15.22,15.12
642,2016-05-27,14.23,15.1,15.1,14.25
641,2016-05-26,14.19,14.48,14.3,14.45
640,2016-05-25,14.06,14.57,14.41,14.07
639,2016-05-24,13.725,14.22,14.03,14.22
638,2016-05-23,14.3301,14.6,14.41,14.4
637,2016-05-20,14.16,14.51,14.43,14.2
636,2016-05-19,14.04,14.305,14.15,14.15
635,2016-05-18,14.05,14.57,14.14,14.35
634,2016-05-17,14.13,14.59,14.34,14.21
633,2016-05-16,14.06,14.37,14.29,14.09
632,2016-05-13,14.0,14.28,14.1,14.06
631,2016-05-12,14.0,14.68,14.08,14.63
630,2016-05-11,14.44,14.86,14.59,14.61
629,2016-05-10,14.16,14.69,14.63,14.17
628,2016-05-09,14.15,14.47,14.2,14.28
627,2016-05-06,13.98,14.4,14.4,14.12
626,2016-05-05,14.08,14.98,14.12,14.93
625,2016-05-04,13.92,14.878,14.84,13.95
624,2016-05-03,13.9,14.25,14.01,14.22
623,2016-05-02,14.17,14.77,14.4,14.73
622,2016-04-29,14.32,14.93,14.62,14.7
621,2016-04-28,14.62,15.09,14.64,14.85
620,2016-04-27,14.81,15.28,14.86,15.15
619,2016-04-26,17.08,17.98,17.75,17.21
618,2016-04-25,16.88,17.75,17.09,17.2
617,2016-04-22,17.02,17.51,17.23,17.33
616,2016-04-21,17.42,17.77,17.51,17.48
615,2016-04-20,16.9,17.52,17.4,16.94
614,2016-04-19,16.68,17.39,16.92,17.37
613,2016-04-18,17.06,17.72,17.31,17.71
612,2016-04-15,17.31,17.91,17.58,17.52
611,2016-04-14,17.14,17.7,17.53,17.38
610,2016-04-13,16.68,17.4,17.37,16.68
609,2016-04-12,16.15,16.77,16.57,16.5
608,2016-04-11,16.41,16.98,16.51,16.74
607,2016-04-08,16.41,17.25,16.65,17.12
606,2016-04-07,16.85,17.59,16.98,16.88
605,2016-04-06,16.9,17.48,17.26,17.12
604,2016-04-05,16.89,17.83,17.05,17.59
603,2016-04-04,15.96,17.5403,17.09,16.0
602,2016-04-01,15.83,16.43,15.98,16.41
601,2016-03-31,16.21,16.84,16.55,16.4
600,2016-03-30,16.01,16.72,16.36,16.16
599,2016-03-29,15.33,15.99,15.97,15.69
598,2016-03-28,15.4,16.005,15.6,15.98
597,2016-03-24,15.565,15.988,15.91,15.94
596,2016-03-23,16.01,16.91,16.01,16.86
595,2016-03-22,16.7,17.01,16.86,16.75
594,2016-03-21,16.68,17.05,16.89,16.83
593,2016-03-18,16.76,17.38,16.85,17.08
592,2016-03-17,16.62,17.147,16.85,16.65
591,2016-03-16,16.13,16.77,16.7,16.33
590,2016-03-15,16.14,17.04,16.19,17.0
589,2016-03-14,16.79,17.32,17.12,16.81
588,2016-03-11,16.46,16.94,16.81,16.77
587,2016-03-10,16.38,17.7719,16.61,17.69
586,2016-03-09,17.52,18.74,17.66,18.61
585,2016-03-08,18.33,19.15,18.33,19.1
584,2016-03-07,18.77,19.73,19.17,19.11
583,2016-03-04,19.06,20.32,19.36,19.45
582,2016-03-03,18.48,19.44,19.31,18.53
581,2016-03-02,17.715,18.74,18.54,17.85
580,2016-03-01,17.59,18.48,17.85,18.47
579,2016-02-29,17.78,18.57,18.12,17.96
578,2016-02-26,17.4975,18.03,17.94,17.72
577,2016-02-25,17.31,17.95,17.59,17.93
576,2016-02-24,17.11,18.09,18.0,18.0
575,2016-02-23,18.1,18.96,18.3,18.56
574,2016-02-22,17.76,18.675,18.3,18.62
573,2016-02-19,17.77,18.88,18.31,18.16
572,2016-02-18,17.52,18.55,18.43,18.1
571,2016-02-17,16.43,17.6,17.46,16.47
570,2016-02-16,15.67,16.4,16.36,16.09
569,2016-02-12,14.53,15.94,15.88,14.54
568,2016-02-11,13.91,14.79,14.31,14.07
567,2016-02-10,14.52,15.28,14.98,14.55
566,2016-02-09,14.31,15.545,14.4,14.62
565,2016-02-08,14.73,15.55,14.9,15.51
564,2016-02-05,15.62,16.64,15.72,16.61
563,2016-02-04,16.29,17.175,16.91,16.4
562,2016-02-03,15.55,16.74,16.56,16.33
561,2016-02-02,16.01,17.27,16.08,17.22
560,2016-02-01,17.3,18.77,17.91,17.89
559,2016-01-29,16.51,17.07,16.8,16.64
558,2016-01-28,16.45,17.34,16.49,17.21
557,2016-01-27,16.77,17.62,16.78,17.01
556,2016-01-26,16.4,17.28,17.01,17.22
555,2016-01-25,16.51,17.45,17.02,16.8
554,2016-01-22,17.73,18.56,17.84,18.29
553,2016-01-21,16.8,18.32,17.83,17.44
552,2016-01-20,15.48,19.04,17.38,16.16
551,2016-01-19,16.43,18.18,16.69,18.18
550,2016-01-15,17.61,18.53,17.94,18.23
549,2016-01-14,17.27,19.16,19.0,18.55
548,2016-01-13,18.47,19.76,18.68,19.7
547,2016-01-12,19.32,20.41,19.62,19.87
546,2016-01-11,19.26,20.2,19.65,20.12
545,2016-01-08,19.6,20.72,19.98,20.51
544,2016-01-07,20.198,21.48,20.26,21.0
543,2016-01-06,21.18,22.18,21.39,21.62
542,2016-01-05,21.85,23.0,21.92,22.79
541,2016-01-04,22.11,22.84,22.56,22.64
540,2015-12-31,22.15,23.28,23.14,22.17
539,2015-12-30,22.21,22.94,22.23,22.45
538,2015-12-29,22.31,22.82,22.47,22.63
537,2015-12-28,22.5,23.32,22.53,22.9
536,2015-12-24,22.55,23.06,22.97,22.7
535,2015-12-23,22.37,22.95,22.67,22.68
534,2015-12-22,22.09,22.67,22.56,22.26
533,2015-12-21,21.99,23.04,22.14,23.02
532,2015-12-18,22.66,23.44,22.99,23.35
531,2015-12-17,23.29,24.75,23.31,24.47
530,2015-12-16,23.8,24.48,24.3,23.96
529,2015-12-15,23.7,24.69,23.95,24.52
528,2015-12-14,23.7,24.94,24.92,24.68
527,2015-12-11,24.8,26.2,24.84,25.91
526,2015-12-10,24.34,26.25,25.91,24.36
525,2015-12-09,24.19,24.98,24.31,24.98
524,2015-12-08,23.54,25.1,24.99,24.04
523,2015-12-07,24.13,25.16,24.46,24.99
522,2015-12-04,25.01,25.85,25.02,25.81
521,2015-12-03,24.91,26.06,25.9,25.48
520,2015-12-02,25.17,25.72,25.4,25.31
519,2015-12-01,25.0,25.58,25.53,25.39
518,2015-11-30,25.06,25.82,25.4,25.78
517,2015-11-27,25.67,26.07,25.75,25.98
516,2015-11-25,25.59,26.4099,26.06,25.62
515,2015-11-24,25.02,25.55,25.52,25.17
514,2015-11-23,25.02,26.27,25.2,26.11
513,2015-11-20,26.03,26.695,26.27,26.32
512,2015-11-19,25.93,26.58,26.32,25.94
511,2015-11-18,25.16,26.0901,25.9,25.17
510,2015-11-17,24.9,25.69,25.23,25.54
509,2015-11-16,25.0,25.7756,25.41,25.33
508,2015-11-13,25.16,26.16,25.18,25.89
507,2015-11-12,25.85,26.61,26.13,26.08
506,2015-11-11,26.37,27.14,26.5,27.08
505,2015-11-10,26.25,27.17,27.05,26.81
504,2015-11-09,26.68,28.21,27.09,28.07
503,2015-11-06,28.05,28.7,28.28,28.58
502,2015-11-05,28.45,29.55,28.66,29.47
501,2015-11-04,29.23,30.15,29.36,29.36
500,2015-11-03,29.04,29.63,29.13,29.09
499,2015-11-02,28.05,29.29,29.2,28.54
498,2015-10-30,28.35,29.57,28.46,29.13
497,2015-10-29,28.93,30.7,29.06,30.58
496,2015-10-28,27.76,31.34,30.87,28.13
495,2015-10-27,30.65,31.87,31.34,31.02
494,2015-10-26,30.48,31.22,30.89,30.63
493,2015-10-23,29.61,30.72,30.28,29.97
492,2015-10-22,28.74,29.8,29.15,29.24
491,2015-10-21,28.65,29.66,29.3,29.5
490,2015-10-20,30.41,31.39,30.91,30.94
489,2015-10-19,30.57,31.6,30.91,31.15
488,2015-10-16,29.36,31.4,31.15,30.08
487,2015-10-15,29.01,30.28,29.71,29.46
486,2015-10-14,28.38,29.82,29.38,29.46
485,2015-10-13,28.84,30.68,29.06,29.55
484,2015-10-12,28.6,30.77,28.75,30.3
483,2015-10-09,30.28,31.41,30.85,30.9
482,2015-10-08,29.03,31.5,30.32,29.57
481,2015-10-07,28.01,29.95,29.83,28.35
480,2015-10-06,26.75,28.4,27.62,28.16
479,2015-10-05,26.33,28.25,28.15,26.99
478,2015-10-02,24.34,26.48,26.31,24.5
477,2015-10-01,24.65,26.84,24.68,26.47
476,2015-09-30,25.88,27.33,26.94,25.94
475,2015-09-29,24.915,25.76,25.59,25.23
474,2015-09-28,24.6,25.61,25.26,24.96
473,2015-09-25,25.14,26.91,25.29,26.84
472,2015-09-24,25.3979,26.64,26.6,26.51
471,2015-09-23,26.575,27.28,26.79,26.97
470,2015-09-22,26.62,27.48,26.83,27.05
469,2015-09-21,27.1899,28.09,27.38,27.98
468,2015-09-18,26.99,28.25,27.96,27.04
467,2015-09-17,27.03,27.93,27.41,27.54
466,2015-09-16,27.0,28.0,27.75,27.14
465,2015-09-15,27.0,27.55,27.17,27.04
464,2015-09-14,26.795,27.55,26.9,27.21
463,2015-09-11,27.17,27.65,27.39,27.63
462,2015-09-10,26.95,27.83,27.71,27.07
461,2015-09-09,26.42,27.85,27.18,27.17
460,2015-09-08,27.01,28.2,27.18,28.15
459,2015-09-04,27.8,28.55,28.15,27.95
458,2015-09-03,27.81,29.0,28.3,28.03
457,2015-09-02,26.87,27.825,27.82,27.45
456,2015-09-01,26.77,28.1166,27.03,27.23
455,2015-08-31,27.35,28.49,27.79,27.64
454,2015-08-28,26.06,26.93,26.83,26.19
453,2015-08-27,25.24,26.8,26.46,25.44
452,2015-08-26,23.83,25.29,25.03,24.8
451,2015-08-25,24.38,26.33,24.38,26.29
450,2015-08-24,21.01,26.23,25.17,23.61
449,2015-08-21,25.51,26.735,25.87,25.65
448,2015-08-20,25.92,27.48,26.0,27.15
447,2015-08-19,27.16,28.09,27.61,28.06
446,2015-08-18,28.3,29.0,28.3,28.91
445,2015-08-17,28.93,29.34,29.06,29.19
444,2015-08-14,28.45,29.269,29.06,28.5
443,2015-08-13,28.44,29.6,28.54,29.6
442,2015-08-12,28.51,29.5,29.39,29.11
441,2015-08-11,28.53,29.89,29.62,29.01
440,2015-08-10,27.82,29.63,29.5,28.09
439,2015-08-07,26.87,27.9,27.04,27.8
438,2015-08-06,27.23,28.43,27.54,28.4
437,2015-08-05,28.43,29.5,28.48,29.41
436,2015-08-04,28.9,29.9,29.34,29.11
435,2015-08-03,28.69,31.09,29.27,30.85
434,2015-07-31,30.85,31.62,31.01,31.38
433,2015-07-30,31.05,31.83,31.47,31.1
432,2015-07-29,31.06,33.24,31.24,32.59
431,2015-07-28,34.14,36.67,36.54,34.7
430,2015-07-27,33.88,35.15,34.7,35.11
429,2015-07-24,35.3,36.41,35.42,36.41
428,2015-07-23,35.945,36.73,36.19,36.0
427,2015-07-22,35.51,36.373,36.09,36.23
426,2015-07-21,35.71,36.75,36.63,35.82
425,2015-07-20,35.205,35.99,35.81,35.75
424,2015-07-17,35.6,36.66,35.67,36.46
423,2015-07-16,35.75,36.45,36.1,35.89
422,2015-07-15,35.55,37.09,35.66,36.66
421,2015-07-14,35.77,38.82,36.72,35.78
420,2015-07-13,34.75,36.14,35.78,34.99
419,2015-07-10,34.46,35.12,34.91,34.68
418,2015-07-09,34.31,35.43,34.36,35.17
417,2015-07-08,34.67,36.05,34.76,35.41
416,2015-07-07,34.55,35.72,35.52,35.35
415,2015-07-06,35.0,35.69,35.43,35.17
414,2015-07-02,35.1,35.97,35.72,35.4
413,2015-07-01,35.235,36.11,35.4,36.05
412,2015-06-30,34.44,36.42,36.22,34.5
411,2015-06-29,34.15,35.0899,34.21,34.47
410,2015-06-26,34.67,35.33,35.26,34.97
409,2015-06-25,34.965,35.36,35.17,35.36
408,2015-06-24,35.1,35.75,35.17,35.4
407,2015-06-23,34.96,36.2,35.37,35.78
406,2015-06-22,35.34,36.0,35.55,35.95
405,2015-06-19,34.85,36.28,35.86,34.97
404,2015-06-18,34.45,35.04,34.66,34.63
403,2015-06-17,34.17,35.12,34.69,34.99
402,2015-06-16,33.51,35.2,34.82,34.23
401,2015-06-15,34.31,35.26,34.67,35.24
400,2015-06-12,35.55,37.25,35.9,36.9
399,2015-06-11,35.79,36.17,35.84,35.92
398,2015-06-10,35.6,36.17,35.85,36.01
397,2015-06-09,35.565,36.5,35.88,36.5
396,2015-06-08,36.41,36.98,36.46,36.91
395,2015-06-05,36.65,37.23,37.0,36.79
394,2015-06-04,36.51,37.79,36.71,37.17
393,2015-06-03,36.48,37.17,37.0,36.51
392,2015-06-02,36.16,36.6,36.4,36.45
391,2015-06-01,36.43,36.83,36.63,36.69
390,2015-05-29,36.53,37.07,36.67,37.05
389,2015-05-28,36.37,37.33,36.83,36.49
388,2015-05-27,36.1,36.6528,36.41,36.5
387,2015-05-26,36.37,36.83,36.51,36.67
386,2015-05-22,36.57,36.9765,36.6,36.7
385,2015-05-21,36.39,36.94,36.68,36.81
384,2015-05-20,36.54,37.94,36.78,37.49
383,2015-05-19,36.9,37.88,37.5,37.14
382,2015-05-18,36.9,37.57,37.28,37.1
381,2015-05-15,37.0,37.8,37.1,37.36
380,2015-05-14,37.27,38.09,37.33,37.93
379,2015-05-13,37.53,38.2,37.72,37.66
378,2015-05-12,37.06,37.8,37.48,37.29
377,2015-05-11,37.2,37.859,37.31,37.58
376,2015-05-08,37.55,38.2,37.59,38.02
375,2015-05-07,36.95,37.88,37.71,37.24
374,2015-05-06,36.52,37.78,37.26,37.69
373,2015-05-05,37.36,38.61,37.42,38.0
372,2015-05-04,37.55,38.96,37.88,38.72
371,2015-05-01,37.37,39.24,37.84,39.19
370,2015-04-30,38.48,39.74,38.96,39.28
369,2015-04-29,38.07,41.09,38.49,40.21
368,2015-04-28,38.38,52.219,42.27,52.16
367,2015-04-27,50.82,52.54,51.66,50.84
366,2015-04-24,50.24,51.96,50.82,51.85
365,2015-04-23,51.22,52.2,51.41,51.87
364,2015-04-22,51.32,52.09,51.73,51.48
363,2015-04-21,51.1,51.85,51.32,51.68
362,2015-04-20,50.51,51.48,51.4,51.07
361,2015-04-17,50.19,52.16,50.66,51.71
360,2015-04-16,51.14,52.34,52.03,51.3
359,2015-04-15,50.91,51.87,51.3,51.33
358,2015-04-14,50.68,51.81,51.2,51.75
357,2015-04-13,51.45,52.29,51.62,51.99
356,2015-04-10,51.38,52.45,51.94,52.29
355,2015-04-09,51.54,52.99,52.17,52.15
354,2015-04-08,51.95,53.49,52.3,53.32
353,2015-04-07,50.86,53.28,52.87,51.01
352,2015-04-06,49.87,51.16,50.84,50.03
351,2015-04-02,49.88,50.95,50.42,50.64
350,2015-04-01,50.17,51.69,50.47,51.0
349,2015-03-31,49.54,51.24,50.08,49.62
348,2015-03-30,48.66,50.71,49.89,50.45
347,2015-03-27,49.94,50.89,50.01,50.35
346,2015-03-26,49.4,50.9,49.92,49.65
345,2015-03-25,49.31,51.87,49.5,51.5
344,2015-03-24,48.54,51.79,51.47,48.67
343,2015-03-23,47.87,49.25,48.46,48.24
342,2015-03-20,48.25,49.15,48.44,48.36
341,2015-03-19,46.45,48.15,47.93,46.96
340,2015-03-18,46.16,47.385,47.2,46.75
339,2015-03-17,46.44,47.29,46.93,46.66
338,2015-03-16,46.05,47.07,46.43,46.9
337,2015-03-13,46.452,47.72,46.66,46.94
336,2015-03-12,46.51,47.32,47.07,46.57
335,2015-03-11,45.13,46.74,46.27,45.66
334,2015-03-10,45.79,47.26,45.84,47.23
333,2015-03-09,47.13,48.08,47.59,47.22
332,2015-03-06,46.57,48.07,46.75,47.26
331,2015-03-05,47.2,48.43,47.35,47.59
330,2015-03-04,46.41,47.85,47.57,47.51
329,2015-03-03,47.435,48.8,47.71,48.13
328,2015-03-02,47.31,48.3,48.15,48.26
327,2015-02-27,47.96,49.9,48.08,49.19
326,2015-02-26,48.64,50.01,49.41,48.81
325,2015-02-25,48.25,49.18,48.55,48.8
324,2015-02-24,48.06,49.3,48.69,48.33
323,2015-02-23,48.35,49.24,48.47,49.02
322,2015-02-20,48.65,49.88,49.11,48.76
321,2015-02-19,47.42,48.94,48.7,47.84
320,2015-02-18,47.36,48.79,47.82,48.0
319,2015-02-17,47.89,49.09,48.03,48.2
318,2015-02-13,47.57,48.82,48.5,47.93
317,2015-02-12,46.88,48.45,47.95,47.98
316,2015-02-11,46.11,47.78,47.5,46.27
315,2015-02-10,45.57,47.39,46.26,47.35
314,2015-02-09,46.5,47.69,47.32,46.73
313,2015-02-06,45.8,48.5,48.01,46.12
312,2015-02-05,40.91,43.79,41.26,42.04
311,2015-02-04,39.82,40.83,40.72,40.05
310,2015-02-03,37.691,40.19,39.79,38.0
309,2015-02-02,36.92,38.07,37.46,37.7
308,2015-01-30,36.41,38.15,37.53,36.65
307,2015-01-29,36.07,37.57,36.68,37.39
306,2015-01-28,37.03,38.78,37.15,38.43
305,2015-01-27,38.377,39.61,38.92,39.56
304,2015-01-26,39.04,40.13,40.1,39.33
303,2015-01-23,38.78,39.97,39.42,39.48
302,2015-01-22,37.55,39.25,39.07,37.98
301,2015-01-21,37.33,38.27,37.83,37.65
300,2015-01-20,36.54,38.14,37.57,37.59
299,2015-01-16,36.85,38.13,37.31,37.18
298,2015-01-15,36.86,39.7,36.93,39.7
297,2015-01-14,38.8,40.18,39.85,38.89
296,2015-01-13,39.23,40.35,39.65,39.74
295,2015-01-12,39.3,40.95,39.37,40.28
294,2015-01-09,38.255,40.34,40.17,39.22
293,2015-01-08,37.09,39.19,39.09,37.42
292,2015-01-07,37.06,39.1,37.28,39.1
291,2015-01-06,36.04,39.45,38.76,36.27
290,2015-01-05,35.64,37.11,36.38,36.26
289,2015-01-02,35.5401,36.74,36.56,36.23
288,2014-12-31,35.47,36.49,35.87,35.89
287,2014-12-30,35.46,36.239,35.86,36.02
286,2014-12-29,36.38,37.51,36.42,37.39
285,2014-12-26,37.54,38.1,37.6,37.76
284,2014-12-24,37.56,38.35,37.61,37.67
283,2014-12-23,37.46,39.25,37.57,38.58
282,2014-12-22,37.31,38.82,38.43,37.5
281,2014-12-19,36.5,37.45,37.08,36.7
280,2014-12-18,35.95,37.27,36.73,36.13
279,2014-12-17,34.95,35.9,35.57,35.56
278,2014-12-16,35.09,36.71,35.13,36.5
277,2014-12-15,36.73,38.38,36.85,38.13
276,2014-12-12,36.1,37.71,37.1,36.31
275,2014-12-11,36.25,37.23,36.7,36.45
274,2014-12-10,36.25,37.78,36.35,36.91
273,2014-12-09,34.62,37.09,37.05,34.97
272,2014-12-08,35.75,38.12,36.29,38.08
271,2014-12-05,38.35,39.07,38.49,38.97
270,2014-12-04,38.62,39.66,38.79,38.8
269,2014-12-03,38.38,39.42,39.06,39.0
268,2014-12-02,38.33,39.4,38.91,39.4
267,2014-12-01,39.0,41.29,39.04,41.29
266,2014-11-28,40.83,42.08,41.74,41.09
265,2014-11-26,39.74,41.56,41.13,39.83
264,2014-11-25,39.56,40.3,39.76,40.12
263,2014-11-24,39.58,40.47,40.19,39.99
262,2014-11-21,39.8,40.28,40.03,40.25
261,2014-11-20,39.32,40.55,39.81,39.49
260,2014-11-19,39.21,40.47,39.71,40.35
259,2014-11-18,39.95,41.17,40.61,40.69
258,2014-11-17,40.41,41.68,40.47,41.46
257,2014-11-14,39.77,41.85,41.85,40.02
256,2014-11-13,39.95,43.95,40.04,43.55
255,2014-11-12,39.6,42.94,42.54,39.94
254,2014-11-11,38.81,39.84,39.59,39.31
253,2014-11-10,39.42,40.69,39.59,40.34
252,2014-11-07,39.7,40.74,40.31,40.74
251,2014-11-06,40.1,41.35,40.84,40.19
250,2014-11-05,40.13,41.8,40.37,41.69
249,2014-11-04,39.75,41.1,40.9,40.025
248,2014-11-03,40.16,41.2,40.21,40.55
247,2014-10-31,41.34,42.85,41.47,42.69
246,2014-10-30,39.94,42.48,41.8,41.56
245,2014-10-29,41.81,44.16,42.08,43.85
244,2014-10-28,41.76,44.58,43.78,42.25
243,2014-10-27,47.1814,50.24,48.56,50.02
242,2014-10-24,49.15,50.19,49.95,50.16
241,2014-10-23,49.2,50.4,49.67,50.13
240,2014-10-22,49.0,51.84,49.08,51.13
239,2014-10-21,50.3,52.15,50.63,51.76
238,2014-10-20,48.8,50.89,50.7,49.07
237,2014-10-17,48.65,50.25,48.77,49.72
236,2014-10-16,47.17,49.82,48.23,48.34
235,2014-10-15,46.38,50.52,49.99,47.11
234,2014-10-14,47.08,49.53,48.58,49.06
233,2014-10-13,48.26,51.91,48.49,50.54
232,2014-10-10,50.3,55.66,50.4,54.57
231,2014-10-09,54.92,55.99,55.29,55.29
230,2014-10-08,52.6,55.6684,55.42,53.62
229,2014-10-07,53.1,54.99,53.53,53.12
228,2014-10-06,53.226,54.45,53.49,53.94
227,2014-10-03,52.11,54.73,53.94,52.75
226,2014-10-02,50.01,52.1,51.85,51.03
225,2014-10-01,49.15,51.29,50.06,51.08
224,2014-09-30,51.17,52.19,51.58,52.0
223,2014-09-29,50.88,52.18,51.74,51.09
222,2014-09-26,51.7,52.61,51.89,51.97
221,2014-09-25,51.27,53.23,51.45,52.71
220,2014-09-24,52.13,53.34,52.96,52.55
219,2014-09-23,51.02,52.56,52.17,51.46
218,2014-09-22,51.36,52.9,51.94,52.38
217,2014-09-19,50.18,53.0,53.0,50.78
216,2014-09-18,50.53,51.88,50.88,50.97
215,2014-09-17,50.1612,51.6,50.7,50.97
214,2014-09-16,48.4,50.91,50.83,48.7
213,2014-09-15,47.56,51.927,49.38,51.6
212,2014-09-12,52.02,52.82,52.11,52.55
211,2014-09-11,52.18,53.64,52.64,52.55
210,2014-09-10,51.85,53.33,52.91,52.11
209,2014-09-09,50.22,52.4,50.61,52.23
208,2014-09-08,51.68,52.68,52.0,51.8
207,2014-09-05,49.52,50.88,50.7,50.09
206,2014-09-04,49.22,50.86,50.24,49.69
205,2014-09-03,49.05,51.85,49.33,51.83
204,2014-09-02,49.9,51.34,51.02,50.02
203,2014-08-29,49.13,50.35,49.75,49.89
202,2014-08-28,47.86,49.88,49.43,47.98
201,2014-08-27,47.18,48.46,48.06,48.24
200,2014-08-26,46.04,48.2,48.17,46.1
199,2014-08-25,45.7,46.36,46.1,46.22
198,2014-08-22,44.8,46.14,45.98,45.04
197,2014-08-21,44.84,45.35,45.11,45.29
196,2014-08-20,44.76,45.21,45.06,44.93
195,2014-08-19,45.029,45.45,45.09,45.24
194,2014-08-18,44.77,45.33,45.12,45.06
193,2014-08-15,44.44,45.5,44.76,45.47
192,2014-08-14,44.0436,45.34,45.33,44.4
191,2014-08-13,43.62,44.34,44.15,44.12
190,2014-08-12,43.61,44.72,43.81,44.38
189,2014-08-11,42.71,43.6,43.27,43.48
188,2014-08-08,42.51,43.36,43.13,43.02
187,2014-08-07,42.89,44.37,43.0,43.37
186,2014-08-06,42.75,44.04,43.46,43.39
185,2014-08-05,43.02,44.48,43.83,43.25
184,2014-08-04,43.44,44.53,43.47,43.7
183,2014-08-01,43.81,45.54,44.13,45.01
182,2014-07-31,44.3,45.84,45.19,44.62
181,2014-07-30,45.65,48.0,46.3,47.01
180,2014-07-29,37.99,38.92,38.59,38.11
179,2014-07-28,37.56,38.44,37.93,38.3
178,2014-07-25,38.02,38.8,38.16,38.2
177,2014-07-24,37.85,39.0,38.71,38.71
176,2014-07-23,37.56,38.19,37.75,37.65
175,2014-07-22,37.45,38.6,37.65,38.31
174,2014-07-21,36.85,38.29,38.05,37.23
173,2014-07-18,35.95,37.08,37.05,36.81
172,2014-07-17,36.38,37.17,36.87,36.8
171,2014-07-16,37.1,38.52,37.43,38.31
170,2014-07-15,37.62,38.99,37.88,38.59
169,2014-07-14,38.2,39.378,38.31,38.57
168,2014-07-11,38.0,38.79,38.33,38.15
167,2014-07-10,36.11,38.1,37.84,36.49
166,2014-07-09,37.35,38.35,38.06,37.82
165,2014-07-08,36.84,40.04,37.41,39.96
164,2014-07-07,40.14,41.4544,40.23,41.08
163,2014-07-03,40.825,42.0,41.33,41.94
162,2014-07-02,41.42,42.83,41.77,42.83
161,2014-07-01,41.91,42.95,42.05,42.06
160,2014-06-30,40.35,41.34,40.97,40.81
159,2014-06-27,40.11,41.15,40.93,40.7
158,2014-06-26,39.81,42.0,41.44,40.05
157,2014-06-25,38.01,39.59,39.46,38.24
156,2014-06-24,38.255,39.64,38.48,39.44
155,2014-06-23,38.73,39.58,39.52,39.07
154,2014-06-20,37.7727,39.24,39.24,38.82
153,2014-06-19,38.32,39.3,38.9,38.73
152,2014-06-18,37.75,38.83,38.74,38.16
151,2014-06-17,37.298,38.55,38.02,38.03
150,2014-06-16,36.44,38.17,38.02,36.7
149,2014-06-13,35.9,37.25,36.9,36.85
148,2014-06-12,35.06,37.27,36.79,35.06
147,2014-06-11,34.93,35.97,35.54,35.07
146,2014-06-10,34.66,35.5,35.37,34.73
145,2014-06-09,33.09,34.55,34.47,33.24
144,2014-06-06,33.22,34.41,33.33,34.14
143,2014-06-05,33.112,34.89,33.89,33.67
142,2014-06-04,31.85,33.32,32.9,32.49
141,2014-06-03,31.65,32.69,32.58,31.73
140,2014-06-02,31.62,33.2,31.75,32.89
139,2014-05-30,32.11,33.86,32.44,33.73
138,2014-05-29,33.88,35.14,34.0,34.67
137,2014-05-28,31.09,33.84,33.77,31.5
136,2014-05-27,30.38,31.2,30.51,30.94
135,2014-05-23,30.45,31.68,30.5,31.51
134,2014-05-22,30.52,32.25,31.52,31.33
133,2014-05-21,31.15,31.95,31.75,31.85
132,2014-05-20,31.52,32.39,31.77,32.0
131,2014-05-19,31.64,32.44,32.07,32.05
130,2014-05-16,32.02,33.21,32.26,32.95
129,2014-05-15,32.16,33.29,32.77,33.02
128,2014-05-14,32.62,33.83,32.85,33.35
127,2014-05-13,32.89,34.06,33.39,33.84
126,2014-05-12,32.4,34.1,33.94,33.08
125,2014-05-09,31.75,33.11,32.05,32.23
124,2014-05-08,31.13,32.98,31.96,31.48
123,2014-05-07,29.51,32.0,30.66,31.97
122,2014-05-06,31.72,36.1,31.85,35.61
121,2014-05-05,38.05,39.6,38.75,38.52
120,2014-05-02,38.7,39.86,39.02,39.2
119,2014-05-01,38.966,40.77,39.09,39.01
118,2014-04-30,37.24,38.98,38.97,37.66
117,2014-04-29,40.175,43.97,42.62,40.53
116,2014-04-28,39.3,42.35,40.73,41.76
115,2014-04-25,41.31,44.44,41.61,44.29
114,2014-04-24,43.63,46.79,44.82,46.71
113,2014-04-23,44.87,46.17,45.95,45.88
112,2014-04-22,45.8,47.09,46.02,46.23
111,2014-04-21,44.64,46.3,46.13,44.96
110,2014-04-17,43.91,46.55,45.01,44.66
109,2014-04-16,43.54,45.56,44.42,45.42
108,2014-04-15,40.76,45.55,45.52,41.28
107,2014-04-14,40.12,41.95,40.87,41.4
106,2014-04-11,39.68,41.1,40.05,40.79
105,2014-04-10,40.93,43.25,41.34,42.85
104,2014-04-09,41.77,43.06,42.49,42.23
103,2014-04-08,41.55,43.42,41.78,43.42
102,2014-04-07,42.26,44.6,42.45,42.87
101,2014-04-04,42.37,44.87,43.14,44.2
100,2014-04-03,43.38,45.61,44.05,45.48
99,2014-04-02,45.51,47.44,45.73,47.4
98,2014-04-01,46.18,47.59,46.98,46.71
97,2014-03-31,46.43,47.75,46.67,47.55
96,2014-03-28,45.7,47.34,47.3,46.65
95,2014-03-27,43.31,46.4,46.32,45.09
94,2014-03-26,44.25,48.3,44.43,48.06
93,2014-03-25,47.58,49.7,47.88,49.35
92,2014-03-24,47.77,50.94,48.77,50.69
91,2014-03-21,49.51,50.92,50.92,50.24
90,2014-03-20,49.64,51.66,50.12,51.0
89,2014-03-19,50.71,51.98,51.24,50.8
88,2014-03-18,50.29,52.21,51.13,52.03
87,2014-03-17,51.35,52.49,52.05,52.08
86,2014-03-14,51.8,53.91,51.92,53.4
85,2014-03-13,53.2,55.45,53.57,54.9
84,2014-03-12,53.88,55.3,54.5,54.25
83,2014-03-11,53.8,55.84,54.02,54.16
82,2014-03-10,53.38,54.59,53.88,54.09
81,2014-03-07,53.31,55.2,53.53,55.18
80,2014-03-06,54.7,56.09,54.83,54.91
79,2014-03-05,53.75,55.03,54.38,54.53
78,2014-03-04,54.12,55.28,54.28,54.25
77,2014-03-03,52.9,54.4,53.71,53.89
76,2014-02-28,54.13,56.0,54.91,55.93
75,2014-02-27,55.4,56.69,55.77,56.34
74,2014-02-26,54.9,56.99,55.87,55.0
73,2014-02-25,54.5,55.95,54.96,55.89
72,2014-02-24,55.3,56.49,55.78,56.03
71,2014-02-21,55.7,57.2,55.92,57.1
70,2014-02-20,54.65,57.08,56.63,55.82
69,2014-02-19,54.62,58.95,55.5,58.47
68,2014-02-18,56.77,58.64,58.18,57.88
67,2014-02-14,56.7,57.86,57.44,57.02
66,2014-02-13,55.46,58.98,56.47,56.07
65,2014-02-12,54.76,57.0,56.85,55.05
64,2014-02-11,53.1,54.4,54.0,53.2
63,2014-02-10,52.34,54.59,52.92,54.5
62,2014-02-07,50.75,54.92,54.35,51.23
61,2014-02-06,49.99,53.9,50.03,50.61
60,2014-02-05,64.8,67.24,65.97,67.16
59,2014-02-04,64.5,66.37,66.32,66.25
58,2014-02-03,64.21,66.48,65.25,65.92
57,2014-01-31,62.65,65.37,64.5,63.39
56,2014-01-30,62.8,65.24,63.47,63.98
55,2014-01-29,58.6,60.95,59.45,59.62
54,2014-01-28,57.35,60.85,60.44,57.44
53,2014-01-27,56.1,61.77,57.91,61.77
52,2014-01-24,61.3,63.62,61.74,62.17
51,2014-01-23,60.88,62.81,62.8,61.45
50,2014-01-22,61.76,63.8,62.44,63.11
49,2014-01-21,61.5,63.44,62.53,63.33
48,2014-01-17,61.59,64.69,62.2,63.6
47,2014-01-16,60.46,62.4,60.57,61.45
46,2014-01-15,58.32,61.75,61.57,59.11
45,2014-01-14,57.36,59.02,58.21,58.88
44,2014-01-13,57.294,60.38,57.82,59.98
43,2014-01-10,55.87,58.76,57.0,57.5
42,2014-01-09,55.59,60.81,57.05,59.54
41,2014-01-08,57.92,61.26,59.29,58.71
40,2014-01-07,61.39,67.73,61.46,67.67
39,2014-01-06,63.5,66.87,66.29,64.83
38,2014-01-03,68.432,70.43,69.0,69.0
37,2014-01-02,64.4,67.5,67.5,65.0
36,2013-12-31,61.65,65.22,63.65,62.36
35,2013-12-30,58.57,63.71,60.51,60.27
34,2013-12-27,63.69,71.25,63.75,70.1
33,2013-12-26,69.1301,74.73,73.31,72.88
32,2013-12-24,65.56,70.87,69.96,66.34
31,2013-12-23,59.7,64.99,64.54,59.85
30,2013-12-20,58.01,60.25,60.01,58.51
29,2013-12-19,55.0,57.75,57.49,55.08
28,2013-12-18,54.23,57.0,55.51,57.0
27,2013-12-17,54.62,57.38,56.45,56.97
26,2013-12-16,55.76,60.24,56.61,57.86
25,2013-12-13,55.45,59.41,59.0,56.2
24,2013-12-12,50.69,55.87,55.33,52.2
23,2013-12-11,51.0,53.87,52.34,52.4
22,2013-12-10,48.7,52.58,51.99,48.9
21,2013-12-09,45.02,49.84,49.14,45.59
20,2013-12-06,44.54,45.8,44.95,45.75
19,2013-12-05,42.83,46.35,45.62,43.45
18,2013-12-04,41.27,43.92,43.69,41.27
17,2013-12-03,40.54,41.6,41.37,40.69
16,2013-12-02,40.4,42.0,40.78,41.79
15,2013-11-29,40.9,41.58,41.57,41.4
14,2013-11-27,40.35,41.4,40.9,40.47
13,2013-11-26,38.92,40.55,40.18,39.16
12,2013-11-25,38.8,41.14,39.06,41.08
11,2013-11-22,40.97,42.28,41.0,41.81
10,2013-11-21,40.37,42.49,42.06,41.25
9,2013-11-20,40.51,41.75,41.05,41.4
8,2013-11-19,40.0,41.9,41.75,41.39
7,2013-11-18,40.85,43.95,41.14,43.5
6,2013-11-15,43.43,45.27,43.98,45.25
5,2013-11-14,42.24,45.67,44.69,42.34
4,2013-11-13,40.76,42.87,42.6,41.03
3,2013-11-12,41.83,43.78,41.9,43.66
2,2013-11-11,39.4,43.0,42.9,40.5
1,2013-11-08,40.685,46.94,41.65,45.93
0,2013-11-07,44.0,50.09,44.9,45.1
